ชื่อย่านชุมชนเก่า,ตำบล,อำเภอ,จังหวัด,ภาค,ละติจูด,ลองจิจูด,ประกาศมรดกจังหวัด
สังกาอู้,เกาะลันตาใหญ่,เกาะลันตา,กระบี่,ใต้,7.489036474,99.11037374,
ศรีรายา,เกาะลันตาใหญ่,เกาะลันตา,กระบี่,ใต้,7.532645846,99.09320507,
โต๊ะบาหลิว,ศาลาด่าน,เกาะลันตา,กระบี่,ใต้,7.646889541,99.04209353,
ในไร่ คลองดาว,ศาลาด่าน,เกาะลันตา,กระบี่,ใต้,7.645451722,99.03384107,
เกาะกลาง,คลองประสงค์,เมืองกระบี่,กระบี่,ใต้,8.053208514,98.93077376,
แหลมตง เกาะพีพี,อ่าวนาง,เมืองกระบี่,กระบี่,ใต้,7.776987165,98.7628971,
เกาะจำ,เกาะศรีบอยา,เหนือคลอง,กระบี่,ใต้,7.795582559,98.99177032,
นาหลวง,ปกาสัย,เหนือคลอง,กระบี่,ใต้,8.026808422,99.0464096,
ชุมชนบ้านหนองขาว,หนองขาว,ท่าม่วง,กาญจนบุรี,กลาง,14.05512038,99.6313615,
ชุมชนตลาดท่ามะกา,ดอนขมิ้น,ท่ามะกา,กาญจนบุรี,กลาง,13.91781023,99.76731517,
ชุมชนตลาดเขต,รางหวาย,พนมทวน,กาญจนบุรี,กลาง,14.25441814,99.81998484,
ชุมชนถนนปากแพรก,ปากแพรก,เมืองกาญจนบุรี,กาญจนบุรี,กลาง,14.02192222,99.52845729,
ชุมชนบ้านปากนาสวน,นาสวน,ศรีสวัสดิ์,กาญจนบุรี,กลาง,14.61494833,99.12050978,
ชุมชนหมู่บ้านหม่องสะเทอ,หนองลู,สังขละบุรี,กาญจนบุรี,กลาง,15.13621077,98.44737591,
ชุมชนบ้านก้อม,หนองแปน,กมลาไสย,กาฬสินธุ์,ตะวันออกเฉียงเหนือ,16.31498321,103.5170693,
ชุมชนบ้านโคกโก่ง,บัวขาว,กุฉินารายณ์,กาฬสินธุ์,ตะวันออกเฉียงเหนือ,16.53148361,104.1910809,
ชุมชนบ้านหนองห้าง,หนองห้าง,กุฉินารายณ์,กาฬสินธุ์,ตะวันออกเฉียงเหนือ,16.5643204,104.1006781,
ชุมชนบ้านดงสว่าง,ทุ่งคลอง,คำม่วง,กาฬสินธุ์,ตะวันออกเฉียงเหนือ,16.37161968,103.5499377,
ชุมชนบ้านโพน,โพน,คำม่วง,กาฬสินธุ์,ตะวันออกเฉียงเหนือ,16.86185671,103.6150399,
ชุมชนบ้านคำยิ่งหมี,นามน,นามน,กาฬสินธุ์,ตะวันออกเฉียงเหนือ,16.5601382,103.7772538,
ชุมชนบ้านสงเปลือย,สงเปลือย,นามน,กาฬสินธุ์,ตะวันออกเฉียงเหนือ,16.60878495,103.8228838,
ชุมชนบ้านหนองยาง,สงเปลือย,นามน,กาฬสินธุ์,ตะวันออกเฉียงเหนือ,16.60978288,103.8252415,
ชุมชนการค้าเก่า,กาฬสินธุ์,เมืองกาฬสินธุ์,กาฬสินธุ์,ตะวันออกเฉียงเหนือ,16.43079732,103.5053143,
ชุมชนตำบลเหนือ,เหนือ,เมืองกาฬสินธุ์,กาฬสินธุ์,ตะวันออกเฉียงเหนือ,16.42971233,103.5631416,
ชุมชนบ้านหนองสามขา,หนองบัว,หนองกุงศรี,กาฬสินธุ์,ตะวันออกเฉียงเหนือ,16.71018459,103.4411199,
ชุมชนบ้านร่องคำหมี,คำบง,ห้วยผึ้ง,กาฬสินธุ์,ตะวันออกเฉียงเหนือ,16.6360326,103.8342552,
บ้านพรานกระต่าย,ถ้ำกระต่ายทอง,พรานกระต่าย,กำแพงเพชร,เหนือ,16.66950122,99.59049024,
นครชุม,นครชุม,เมืองกำแพงเพชร,กำแพงเพชร,เหนือ,16.48267322,99.49564307,
ชุมชนเมืองแอม,ดงเมืองเอม,เขาสวนกวาง,ขอนแก่น,ตะวันออกเฉียงเหนือ,16.82435101,102.8097399,
ชุมชนน้ำพอง,น้ำพอง,น้ำพอง,ขอนแก่น,ตะวันออกเฉียงเหนือ,16.70460136,102.8601291,
ชุมชนรอบพระธาตุขามแก่น,บ้านขาม,น้ำพอง,ขอนแก่น,ตะวันออกเฉียงเหนือ,16.55905327,102.9518705,
ชุมชนบ้านไผ่,บ้านไผ่,บ้านไผ่,ขอนแก่น,ตะวันออกเฉียงเหนือ,16.05944993,102.7371362,
ชุมชนเมืองเพีย,เมืองเพีย,บ้านไผ่,ขอนแก่น,ตะวันออกเฉียงเหนือ,16.07907353,102.6600531,
ชุมชนเมืองพล,เมืองพล,พล,ขอนแก่น,ตะวันออกเฉียงเหนือ,15.8175583,102.6020015,
ชุมชนย่านสถานีรถไฟ,ในเมือง,เมืองขอนแก่น,ขอนแก่น,ตะวันออกเฉียงเหนือ,16.44028351,102.8299461,
ตลาดขลุง,ขลุง,ขลุง,จันทบุรี,ตะวันออก,12.45513464,102.2227917,2/9/2020
ตลาดท่าใหม่,ท่าใหม่,ท่าใหม่,จันทบุรี,ตะวันออก,12.62151258,102.0080411,2/9/2020
ตลาดมะขาม,มะขาม,มะขาม,จันทบุรี,ตะวันออก,12.67406532,102.1980267,2/9/2020
ริมน้ำจันทบูร,จันทนิมิต,เมืองจันทบุรี,จันทบุรี,ตะวันออก,12.61016903,102.1182119,
ท่าแฉลบ,ตลาด,เมืองจันทบุรี,จันทบุรี,ตะวันออก,12.53636706,102.0579359,2/9/2020
ตลาดบางกะจะ,บางกะจะ,เมืองจันทบุรี,จันทบุรี,ตะวันออก,12.5829778,102.0531352,2/9/2020
หนองบัว,หนองบัว,เมืองจันทบุรี,จันทบุรี,ตะวันออก,12.54222285,102.1152537,2/9/2020
ตลาดพลิ้ว,พลิ้ว,แหลมสิงห์,จันทบุรี,ตะวันออก,12.50435431,102.1398599,2/9/2020
ตลาดบางคล้า,บางคล้า,บางคล้า,ฉะเชิงเทรา,ตะวันออก,13.72583909,101.2060058,21/1/2022
ตลาดคลอง 16,บึงน้ำรักษ์,บางน้ำเปรี้ยว,ฉะเชิงเทรา,ตะวันออก,13.96739308,100.9571175,
ตลาดคลองสวน,เทพราช,บ้านโพธิ์,ฉะเชิงเทรา,ตะวันออก,13.66174388,100.9566323,1/11/2023
บ้านท่าลาดเหนือ,ท่าถ่าน,พนมสารคาม,ฉะเชิงเทรา,ตะวันออก,13.72562317,101.3519636,21/1/2022
บ้านหัวกระสังข์,บ้านซ่อง,พนมสารคาม,ฉะเชิงเทรา,ตะวันออก,13.80156124,101.4086455,
ตลาดพนมสารคราม (ตลาดท่าเกวียน),พนมสารคาม,พนมสารคาม,ฉะเชิงเทรา,ตะวันออก,13.74794329,101.3479771,
ตลาดนครเนื่องเขต,คลองนครเนื่องเขต,เมืองฉะเชิงเทรา,ฉะเชิงเทรา,ตะวันออก,13.77407473,100.9908342,1/11/2023
บ้านตลาดเปร็ง,คลองเปร็ง,เมืองฉะเชิงเทรา,ฉะเชิงเทรา,ตะวันออก,13.68225912,100.900919,
ตลาดหลวงแพ่ง,คลองหลวงแพ่ง,เมืองฉะเชิงเทรา,ฉะเชิงเทรา,ตะวันออก,13.70138069,100.8486426,
ย่านการค้าฉะเชิงเทรา,หน้าเมือง,เมืองฉะเชิงเทรา,ฉะเชิงเทรา,ตะวันออก,13.69068376,101.0810035,
ตลาดบ้านใหม่,หน้าเมือง,เมืองฉะเชิงเทรา,ฉะเชิงเทรา,ตะวันออก,13.69748941,101.0909165,
เกาะสีชัง,ท่าเทววงษ์,เกาะสีชัง,ชลบุรี,ตะวันออก,13.16329177,100.8079932,
ตลาดนาเกลือ (พัทยา),นาเกลือ,บางละมุง,ชลบุรี,ตะวันออก,12.98101142,100.9157363,
ตลาดทุ่งเหียง,หมอนนาง,พนัสนิคม,ชลบุรี,ตะวันออก,13.35793084,101.2270047,
ย่านถนนวชิรปราการ,บางปลาสร้อย,เมืองชลบุรี,ชลบุรี,ตะวันออก,13.36907741,100.9827958,
ตลาดหนองมน (บางแสน),แสนสุข,เมืองชลบุรี,ชลบุรี,ตะวันออก,13.27669873,100.9348982,
อ่างศิลา,อ่างศิลา,เมืองชลบุรี,ชลบุรี,ตะวันออก,13.33910168,100.9266215,
ตลาดเก่าศรีราชา,ศรีราชา,ศรีราชา,ชลบุรี,ตะวันออก,13.15166579,100.9019246,
ท้ายตลาดบ้านอำเภอ,นาจอมเทียน,สัตหีบ,ชลบุรี,ตะวันออก,12.81733147,100.9138161,
บางเสร่,บางเสร่,สัตหีบ,ชลบุรี,ตะวันออก,12.76351936,100.8868819,
ตลาดสัตหีบ,สัตหีบ,สัตหีบ,ชลบุรี,ตะวันออก,12.66204486,100.9002657,
บ้านเตาถ่าน,สัตหีบ,สัตหีบ,ชลบุรี,ตะวันออก,12.70262321,100.8933836,
ชุมชนบ้านท่าแขก,ศิลาด่าน,มโนรมย์,ชัยนาท,กลาง,15.35547517,100.0972027,
ชุมชนบ้านท่าลาภ,ธรรมามูล,เมืองชัยนาท,ชัยนาท,กลาง,15.21912683,100.0989841,
ชุมชนบ้านปากคลองมะขามเฒ่า,มะขามเฒ่า,วัดสิงห์,ชัยนาท,กลาง,15.26102122,100.0577581,
ชุมชนตลาดวัดสิงห์,วัดสิงห์,วัดสิงห์,ชัยนาท,กลาง,15.26187827,100.0424773,
ชุมชนตลาดโพนางดำ,โพนางดำ,สรรพยา,ชัยนาท,กลาง,15.07476771,100.2901054,
ชุมชนบ้านเก่า,บ้านยาง,เกษตรสมบูรณ์,ชัยภูมิ,ตะวันออกเฉียงเหนือ,16.28156395,101.953411,
ชุมชนนครกาหลง,คอนสวรรค์,คอนสวรรค์,ชัยภูมิ,ตะวันออกเฉียงเหนือ,15.94283874,102.3269737,
ชุมชนญัฮกรุ,วะตะแบก,เทพสถิต,ชัยภูมิ,ตะวันออกเฉียงเหนือ,15.39997803,101.4596,
ชุมชนบ้านเขว้า,บ้านเขว้า,บ้านเขว้า,ชัยภูมิ,ตะวันออกเฉียงเหนือ,15.77063074,101.9087924,
ชุมชนกุดโง้ง,กุดต้ม,เมืองชัยภูมิ,ชัยภูมิ,ตะวันออกเฉียงเหนือ,15.78627566,102.1111537,
ชุมชนเมืองเก่าบ้านหินตั้ง,ในเมือง,เมืองชัยภูมิ,ชัยภูมิ,ตะวันออกเฉียงเหนือ,15.80003298,102.0434887,
นาโพธิ์,นาโพธิ์,สวี,ชุมพร,ใต้,10.23635635,99.10459749,
ตลาดหลังสวน,หลังสวน,หลังสวน,ชุมพร,ใต้,9.951224168,99.077188,
บ้านหาดบ้าย,ริมโขง,เชียงของ,เชียงราย,เหนือ,20.36733247,100.252592,26/10/2023
บ้านศรีดอนชัย,ศรีดอนชัย,เชียงของ,เชียงราย,เหนือ,20.14346161,100.4148008,26/10/2023
เชียงแสน,บ้านโป่ง,เชียงแสน,เชียงราย,เหนือ,20.27410127,100.0836397,26/10/2023
บ้านโป่งน้ำร้อน,ดอยฮาง,เมืองเชียงราย,เชียงราย,เหนือ,19.93230037,99.68207859,26/10/2023
บ้านถ้ำผาตอง,ท่าสุด,เมืองเชียงราย,เชียงราย,เหนือ,20.0792696,99.89958634,26/10/2023
บ้านห้วยแม่ซ้าย (บ้านยะฟู),แม่ยาว,เมืองเชียงราย,เชียงราย,เหนือ,19.98418905,99.73088187,26/10/2023
บ้านกะเหรี่ยงรวมมิตร,แม่ยาว,เมืองเชียงราย,เชียงราย,เหนือ,19.96010429,99.71046044,26/10/2023
บ้านสันป่าก่อ,รอบเวียง,เมืองเชียงราย,เชียงราย,เหนือ,19.88727102,99.82921393,26/10/2023
บ้านจะคือ,ห้วยชมพู,เมืองเชียงราย,เชียงราย,เหนือ,20.03261224,99.53484958,
บ้านฮ่องแฮ่หลวง,แม่ไร่,แม่จัน,เชียงราย,เหนือ,20.26192133,99.88497769,26/10/2023
บ้านห้วยน้ำขุ่น,แม่ฟ้าหลวง,แม่ฟ้าหลวง,เชียงราย,เหนือ,20.2662984,99.83177998,
บ้านสันติคีรี,แม่สลองนอก,แม่ฟ้าหลวง,เชียงราย,เหนือ,20.17473436,99.60971786,
บ้านดอยหัวแม่คำ,แม่สลองใน,แม่ฟ้าหลวง,เชียงราย,เหนือ,20.36861913,99.47311118,
บ้านห้วยขี้เหล็ก,วาวี,แม่สรวย,เชียงราย,เหนือ,19.78091284,99.51732844,
บ้านแสนเจริญเก่า,วาวี,แม่สรวย,เชียงราย,เหนือ,19.73128493,99.5247511,
เวียงกาหลง,บ้านโป่ง,เวียงป่าเป้า,เชียงราย,เหนือ,19.20189769,99.53922175,
บ้านห้วยหินลาดใน,บ้านโป่ง,เวียงป่าเป้า,เชียงราย,เหนือ,19.29528322,99.377195,26/10/2023
บ้านห้วยน้ำริน,แม่เจดีย์ใหม่,เวียงป่าเป้า,เชียงราย,เหนือ,19.0647531,99.46761307,26/10/2023
บ้านป่าส้าน,เวียงกาหลง,เวียงป่าเป้า,เชียงราย,เหนือ,19.21223954,99.5387467,
บ้านวัดจันทร์,บ้านจันทร์,กัลยานิวัฒนา,เชียงใหม่,เหนือ,19.07446922,98.30410687,
บ้านแม่กลางหลวง,บ้านหลวง,จอมทอง,เชียงใหม่,เหนือ,18.53882749,98.55268652,
บ้านผาหมอน,บ้านหลวง,จอมทอง,เชียงใหม่,เหนือ,18.56433411,98.55396373,
บ้านถ้ำ,เชียงดาว,เชียงดาว,เชียงใหม่,เหนือ,19.39082798,98.92960522,
บ้านปางแดง,เชียงดาว,เชียงดาว,เชียงใหม่,เหนือ,19.34710664,99.03505392,
ย่านการค้าสี่แยกอำเภอดอยสะเก็ด,เชิงดอย,ดอยสะเก็ด,เชียงใหม่,เหนือ,18.87125765,99.13585518,
บ้านปางบง,เทพเสด็จ,ดอยสะเก็ด,เชียงใหม่,เหนือ,18.98428627,99.33550109,
บ้านขอบด้ง,ม่อนปิ่น,ฝาง,เชียงใหม่,เหนือ,19.92700141,99.05281909,
บ้านยาง,แม่งอน,ฝาง,เชียงใหม่,เหนือ,19.80333778,99.09381874,
บ้านฮ่อ,ช้างคลาน,เมืองเชียงใหม่,เชียงใหม่,เหนือ,18.78589059,99.00175808,
ย่านการค้า ถนนท่าแพ,ช้างคลาน,เมืองเชียงใหม่,เชียงใหม่,เหนือ,18.78813292,98.99312527,
บ้านช่างเคี่ยน,ช้างเผือก,เมืองเชียงใหม่,เชียงใหม่,เหนือ,18.81033065,98.95963298,
ย่านการค้า ถนนวิชยานนท์,ช้างม่อย,เมืองเชียงใหม่,เชียงใหม่,เหนือ,18.79105006,99.00004104,
ย่านถนนราชมรรคาและถนนสิงหราช,พระสิงห์,เมืองเชียงใหม่,เชียงใหม่,เหนือ,18.78808579,98.98182112,
พวกแต้ม,พระสิงห์,เมืองเชียงใหม่,เชียงใหม่,เหนือ,18.78226783,98.98286707,
ทรายมูลเมือง,พระสิงห์,เมืองเชียงใหม่,เชียงใหม่,เหนือ,18.78197228,98.99131667,
ย่านวัดเกตุ,วัดเกต,เมืองเชียงใหม่,เชียงใหม่,เหนือ,18.79299544,99.00266062,
ย่านการค้าถนนเจริญเมือง และย่านสถานีรถไฟ,วัดเกต,เมืองเชียงใหม่,เชียงใหม่,เหนือ,18.78253478,99.01319434,
ย่านสี่แยกตลาดช้างเผือก,ศรีภูมิ,เมืองเชียงใหม่,เชียงใหม่,เหนือ,18.79461016,98.98712472,
บ้านดอยปุย,สุเทพ,เมืองเชียงใหม่,เชียงใหม่,เหนือ,18.81800661,98.88428151,
บ้านวัวลาย,หายยา,เมืองเชียงใหม่,เชียงใหม่,เหนือ,18.77804606,98.98340271,
บ้านกองแขก,กองแขก,แม่แจ่ม,เชียงใหม่,เหนือ,18.43640712,98.39369476,
บ้านแม่สาใหม่,โป่งแยง,แม่ริม,เชียงใหม่,เหนือ,18.8671452,98.85415311,
เวียงแหง,เมืองแหง,เวียงแหง,เชียงใหม่,เหนือ,19.55462031,98.6401932,
ตลาดสันกำแพง,ยางเนิ้ง,สันกำแพง,เชียงใหม่,เหนือ,18.74331094,99.12189018,
บ้านปงไหว,ร้องวัวแดง,สันกำแพง,เชียงใหม่,เหนือ,18.74863264,99.17424442,
บ้านสันป่าสัก,สันทรายหลวง,สันทราย,เชียงใหม่,เหนือ,18.85904067,99.02806862,
ตลาดสันทราย,สันทรายหลวง,สันทราย,เชียงใหม่,เหนือ,18.85354582,99.04580706,
บ้านต้นแหนน้อย,ท่าวังพร้าว,สันป่าตอง,เชียงใหม่,เหนือ,18.54101719,98.85930137,
บ้านทุ่งเสี้ยว,บ้านกลาง,สันป่าตอง,เชียงใหม่,เหนือ,18.56435766,98.86851421,
ตลาดสันป่าตอง,บ้านแม,สันป่าตอง,เชียงใหม่,เหนือ,18.62651569,98.8965894,
เวียงกุมกาม,ท่าวังตาล,สารภี,เชียงใหม่,เหนือ,18.75203886,99.00680711,
ตลาดรอบสถานีรถไฟสารภี,ยางเนิ้ง,สารภี,เชียงใหม่,เหนือ,18.71118164,99.04035909,
บ้านแม่กำปอง,ห้วยแก้ว,ห้วยแก้ว,เชียงใหม่,เหนือ,18.86546942,99.34840833,
บ้านต้นเกว๋น,นองควาย,หางดง,เชียงใหม่,เหนือ,18.72339093,98.9230479,
ตลาดกันตัง,กันตัง,กันตัง,ตรัง,ใต้,7.408271487,99.51496882,6/8/2020
บ้านด่าน,ท่าข้าม,ปะเหลียน,ตรัง,ใต้,7.129270253,99.69414636,
ตลาดท่าข้าม,ท่าข้าม,ปะเหลียน,ตรัง,ใต้,7.173870078,99.68482539,6/8/2020
หยงสตาร์,ท่าข้าม,ปะเหลียน,ตรัง,ใต้,7.131176574,99.69584176,6/8/2020
ตลาดทุ่งยาว,ทุ่งยาว,ปะเหลียน,ตรัง,ใต้,7.210067886,99.72110161,6/8/2020
ย่านตาขาว,ย่านตาขาว,ปะเหลียน,ตรัง,ใต้,7.381612647,99.67407128,6/8/2020
ย่านเมืองทับเที่ยง,ทับเที่ยง,เมืองตรัง,ตรัง,ใต้,7.554369285,99.60846725,
ตลาดห้วยยอด,ห้วยยอด,ห้วยยอด,ตรัง,ใต้,7.786288753,99.63462017,6/8/2020
บ้านประมงสลักคอก,เกาะช้างใต้,เกาะช้าง,ตราด,ตะวันออก,12.02843175,102.3947692,
หมู่บ้านประมงบางเบ้า,เกาะช้างใต้,เกาะช้าง,ตราด,ตะวันออก,11.97126167,102.3136485,
หมู่บ้านประมงสลักเพชร,เกาะช้างใต้,เกาะช้าง,ตราด,ตะวันออก,11.99843709,102.3721956,
ย่านถนนธนเจริญและถนนหลักเมือง,บางพระ,เมืองตราด,ตราด,ตะวันออก,12.24452327,102.5121991,
ปากคลองน้ำเชี่ยว,หนองโสน,เมืองตราด,ตราด,ตะวันออก,12.17390649,102.4753154,
ประมงคลองใหญ่,คลองใหญ่,แหลมงอบ,ตราด,ตะวันออก,12.19174348,102.3701264,
การค้าถนนตราด-แหลมงอบ,แหลมงอบ,แหลมงอบ,ตราด,ตะวันออก,12.17089366,102.3940739,
บ้านตาก,ตากออก,บ้านตาก,ตาก,เหนือ,17.04237123,99.06429056,
ตรอกบ้านจีน,ระแหง,เมืองตาก,ตาก,เหนือ,16.86730724,99.1249639,
ชุมชนบ้านนา,บ้านนา,บ้านนา,นครนายก,ตะวันออก,14.26083095,101.0698662,
ชุมชนเกาะหวาย,เกาะหวาย,ปากพลี,นครนายก,ตะวันออก,14.16653759,101.2634767,
ชุมชนบ้านปากพลี,ปากพลี,ปากพลี,นครนายก,ตะวันออก,14.13681621,101.2850228,
ชุมชนหนองแสง,หนองแสง,ปากพลี,นครนายก,ตะวันออก,14.20183401,101.3000262,
ชุมชนตลาดเมืองนครนายก,นครนายก,เมืองนครนายก,นครนายก,ตะวันออก,14.20166123,101.214458,
ชุมชนบ้านวังยายฉิม,หินตั้ง,เมืองนครนายก,นครนายก,,14.26809272,101.2882007,
ชุมชนบ้านใหญ่,บางปลากด,องครักษ์,นครนายก,ตะวันออก,14.16381179,100.9373268,
ชุมชนตลาดกำแพงแสน,กำแพงแสน,กำแพงแสน,นครปฐม,กลาง,14.00114769,99.99026816,
ชุมชนตลาดนครชัยศรี (ตลาดท่านา),นครชัยศรี,นครชัยศรี,นครปฐม,กลาง,13.80139064,100.186026,
ชุมชนไทดำบ้านเกาะแรต,บางปลา,บางเลน,นครปฐม,กลาง,13.97137861,100.1379502,
ชุมชนตลาดบางเลน,บางเลน,บางเลน,นครปฐม,กลาง,14.02284542,100.1747835,
ชุมชนตลาดบางหลวง,บางหลวง,บางเลน,นครปฐม,กลาง,14.11643547,100.1124175,19-ก.พ.-24
ชุมชนตลาดลำพญา,ลำพญา,บางเลน,นครปฐม,กลาง,13.95723779,100.2058473,
ชุมชนรอบที่หยุดรถไฟคลองมหาสวัสดิ์,มหาสวัสดิ์,พุทธมณฑล,นครปฐม,กลาง,13.80943138,100.261062,
ชุมชนรอบสถานีรถไฟศาลายา,ศาลายา,พุทธมณฑล,นครปฐม,กลาง,13.80362421,100.3245269,
ชุมชนตลาดเมืองนครปฐม,พระปฐมเจดีย์,เมืองนครปฐม,นครปฐม,กลาง,13.82246884,100.0594759,
ชุมชนตลาดดอนหวาย,บางกระทึก,สามพราน,นครปฐม,กลาง,13.76773187,100.2851235,
ชุมชนริมน้ำวัดไร่ขิง,ไร่ขิง,สามพราน,นครปฐม,กลาง,13.74382832,100.2577966,
ชุมชนบ้านนาหนองบก,ไชยบุรี,ท่าอุเทน,นครพนม,ตะวันออกเฉียงเหนือ,17.67286482,104.4463567,
ชุมชนริมน้ำไชยบุรี,ไชยบุรี,ท่าอุเทน,นครพนม,ตะวันออกเฉียงเหนือ,17.65365841,104.46171,
ชุมชนท่าอุเทน,ท่าอุเทน,ท่าอุเทน,นครพนม,ตะวันออกเฉียงเหนือ,17.5765111,104.5989887,
ชุมชนธาตุพนม,ธาตุพนม,ธาตุพนม,นครพนม,ตะวันออกเฉียงเหนือ,16.94314729,104.7249048,
ชุมชนบ้านจอมศรี,ก้านเหลือง,นาแก,นครพนม,ตะวันออกเฉียงเหนือ,16.96391016,104.4209924,
ชุมชนบ้านนาผือ,คำพี้,นาแก,นครพนม,ตะวันออกเฉียงเหนือ,16.96651404,104.3988072,
ชุมชนบ้านแพง (เมืองท่า),บ้านแพง,บ้านแพง,นครพนม,ตะวันออกเฉียงเหนือ,17.96384694,104.2146952,
ชุมชนบ้านนาใน,นาใน,โพนสวรรค์,นครพนม,ตะวันออกเฉียงเหนือ,17.50148538,104.5396708,
ชุมชนบ้านกลางจาน,โพนจาน,โพนสวรรค์,นครพนม,ตะวันออกเฉียงเหนือ,17.43482617,104.4199523,
ชุมชนเมืองเก่า บ้านหนองจันทร์ (ศรีโคตรบูรณ์),ท่าค้อ,เมืองนครพนม,นครพนม,ตะวันออกเฉียงเหนือ,17.35388873,104.7873889,
ชุมชนเมือง,ในเมือง,เมืองนครพนม,นครพนม,ตะวันออกเฉียงเหนือ,17.39933255,104.7885996,
ชุมชนบ้านนาจอก (ลุงโฮ),หนองญาติ,เมืองนครพนม,นครพนม,ตะวันออกเฉียงเหนือ,17.37657695,104.7611166,
ชุมชนเรณูนคร,เรณู,เรณูนคร,นครพนม,ตะวันออกเฉียงเหนือ,17.05292565,104.6783094,
ชุมชนแหล่งเกลือโบราณบ้านศรีสงคราม,ศรีสงคราม,ศรีสงคราม,นครพนม,ตะวันออกเฉียงเหนือ,17.62664235,104.2431535,
ชุมชนบ้านปรางค์,บ้านปรางค์,คง,นครราชสีมา,ตะวันออกเฉียงเหนือ,15.49079305,102.0962641,24/9/2023
ชุมชนย่านตลาดปักธงชัย,เมืองปัก,ปักธงชัย,นครราชสีมา,ตะวันออกเฉียงเหนือ,14.72201289,102.0252842,
ชุมชนเมืองเก่าพิมาย,ในเมือง,พิมาย,นครราชสีมา,ตะวันออกเฉียงเหนือ,15.21926686,102.4935736,
ชุมชนเมืองเก่า,ในเมือง,เมืองนครราชสีมา,นครราชสีมา,ตะวันออกเฉียงเหนือ,14.97269488,102.106163,
ชุมชนย่านการค้าสีคิ้ว,สีคิ้ว,สีคิ้ว,นครราชสีมา,ตะวันออกเฉียงเหนือ,14.89059483,101.7259427,
ตลาดขนอม,ขนอม,ขนอม,นครศรีธรรมราช,ใต้,9.214672431,99.86018547,
ปากน้ำสิชล,สิชล,ขนอม,นครศรีธรรมราช,ใต้,9.017211632,99.91190202,
ตลาดปากเชียร (ตลาดออก-ตลาดตก),เชียรใหญ่,เชียรใหญ่,นครศรีธรรมราช,ใต้,8.171401024,100.1467648,20/12/2022
ตลาดปากแพรก,ทุ่งสง,ทุ่งสง,นครศรีธรรมราช,ใต้,8.167530272,99.67942205,
ตลาดปากพนัง,ปากพนัง,ปากพนัง,นครศรีธรรมราช,ใต้,8.349873247,100.1996153,20/12/2022
ตลาดท่าวัง,คลัง,เมืองนครศรีธรรมราช,นครศรีธรรมราช,ใต้,8.444004762,99.95988938,
ตลาดแขก,คลัง,เมืองนครศรีธรรมราช,นครศรีธรรมราช,ใต้,8.433406399,99.96360078,20/12/2022
ตลาดท่าม้า,คลัง,เมืองนครศรีธรรมราช,นครศรีธรรมราช,ใต้,8.421813499,99.96545689,
บ้านหมน,ท่าเรือ,เมืองนครศรีธรรมราช,นครศรีธรรมราช,ใต้,8.299222234,99.99275443,
เก้าเลี้ยว,เก้าเลี้ยว,เก้าเลี้ยว,นครสวรรค์,เหนือ,15.84816069,100.0743682,
ตลาดชุมแสง,เกยไชย,ชุมแสง,นครสวรรค์,เหนือ,15.89520289,100.3093062,
ตลาดทับกฤช,ทับกฤช,ชุมแสง,นครสวรรค์,เหนือ,15.7634599,100.2557954,
ตลาดตาคลี,ตาคลี,ตาคลี,นครสวรรค์,เหนือ,15.25815242,100.3484127,
ตลาดช่องแค,พรหมนิมิต,ตาคลี,นครสวรรค์,เหนือ,15.16849805,100.4150287,
ตลาดพยุหะคีรี,พยุหะ,พยุหะคีรี,นครสวรรค์,เหนือ,15.45606261,100.1375966,
ตะเคียนเลื่อน,ตะเคียนเลื่อน,เมืองนครสวรรค์,นครสวรรค์,เหนือ,15.62725881,100.0911911,
ตลาดริมน้ำปากน้ำโพ/ตลาดบ่อนไก่,ปากน้ำโพ,เมืองนครสวรรค์,นครสวรรค์,เหนือ,15.70189076,100.1372508,
ตลาดลาว,ปากน้ำโพ,เมืองนครสวรรค์,นครสวรรค์,เหนือ,15.70426824,100.1404417,
ชุมชนบ้านขุนกอง,บางขุนกอง,บางกรวย,นนทบุรี,กลาง,13.82155428,100.4325795,
ชุมชนตลาดน้ำบางคูเวียง,บางคูเวียง,บางกรวย,นนทบุรี,กลาง,13.82593241,100.4211672,
ชุมชนริมคลองอ้อมนนท์,บางสีทอง,บางกรวย,นนทบุรี,กลาง,13.83827866,100.4244518,
ชุมชนเกาะเกร็ด,เกาะเกร็ด,ปากเกร็ด,นนทบุรี,กลาง,13.90835017,100.4797208,
ชุมชนตลาดขวัญ,สวนใหญ่,เมืองนนทบุรี,นนทบุรี,กลาง,13.85739185,100.4809357,
ดุซงญอ,ดุซงญอ,จะแนะ,นราธิวาส,ใต้,6.171876876,101.7033959,
ตะโละมาเนาะ,ลุโบะสาวอ,บาเจาะ,นราธิวาส,ใต้,6.484403631,101.6566027,
บ้านทอน,โคกเคียน,เมืองนราธิวาส,นราธิวาส,ใต้,6.541646919,101.7470359,
บาเละฮีเล,บางนาค,เมืองนราธิวาส,นราธิวาส,ใต้,6.440299182,101.8261054,
ตลาดยี่งอ,ยี่งอ,ยี่งอ,นราธิวาส,ใต้,6.407761152,101.7040552,
ละหาร,ละหาร,ยี่งอ,นราธิวาส,ใต้,6.402439926,101.7356819,
ตันหยงมัส,ตันหยงมัส,ระแงะ,นราธิวาส,ใต้,6.291302276,101.7089197,
ตลาดสุไหงปาดี,ปะลุรู,สุไหงปาดี,นราธิวาส,ใต้,6.086689564,101.8805052,
บ้านหนองม่วง,ป่าคา,ท่าวังผา,น่าน,เหนือ,19.07436688,100.7937504,20/10/2021
บ้านหนองบัว,ป่าคา,ท่าวังผา,น่าน,เหนือ,19.08896625,100.786017,20/10/2021
ทุ่งช้าง,ทุ่งช้าง,ทุ่งช้าง,น่าน,เหนือ,19.40356258,100.8783467,
บ้านงอบ,ทุ่งช้าง,ทุ่งช้าง,น่าน,เหนือ,19.48696411,100.895082,20/10/2021
บ้านปากนาย,นาทะนุง,นาหมื่น,น่าน,เหนือ,18.05446797,100.6806885,20/10/2021
บ่อหลวง,บ่อเกลือใต้,บ่อเกลือ,น่าน,เหนือ,19.14987246,101.1553515,20/10/2021
บ้านนาปัง,นาปัง,ภูเพียง,น่าน,เหนือ,18.71,100.78,26/10/2023
ท่าล้อ,ฝายแก้ว,ภูเพียง,น่าน,เหนือ,18.77666601,100.784197,28/10/2022
บ้านดอนไชย,กลางเวียง,เวียงสา,น่าน,เหนือ,18.565197,100.764041,26/10/2023
บ้านห้วยหยวก,แม่ขะนิง,เวียงสา,น่าน,เหนือ,18.81330159,100.5300054,25/10/2021
คุณธรรม,บึงโขงหลง,บึงโขงหลง,บึงกาฬ,ตะวันออกเฉียงเหนือ,17.96621777,104.0491168,
บ้านดอนกลาง-บ้านบึงโขงหลง,บึงโขงหลง,บึงโขงหลง,บึงกาฬ,ตะวันออกเฉียงเหนือ,17.96316008,104.042137,
ชุมชนบุ่งคล้า,บุ่งคล้า,บุ่งคล้า,บึงกาฬ,ตะวันออกเฉียงเหนือ,18.29174434,103.9927541,
ชุมชนกุดทิง,กุดทิง,เมืองบึงกาฬ,บึงกาฬ,ตะวันออกเฉียงเหนือ,18.31580483,103.7205124,
ชุมชนบึงกาฬ,บึงกาฬ,เมืองบึงกาฬ,บึงกาฬ,ตะวันออกเฉียงเหนือ,18.35956826,103.6604442,
ชุมชนประชาสันติสุข,นางรอง,นางรอง,บุรีรัมย์,ตะวันออกเฉียงเหนือ,14.6346077,102.7942665,
ชุมชนโดยรอบปราสาทหินเมืองต่ำ,จระเข้มาก,ประโคนชัย,บุรีรัมย์,ตะวันออกเฉียงเหนือ,14.49540671,102.9821474,26/8/2022
ชุมชนเมืองเก่า,ประโคนชัย,ประโคนชัย,บุรีรัมย์,ตะวันออกเฉียงเหนือ,14.61045582,103.0799356,26/8/2022
ชุมชนพุทไธสง,พุทไธสง,พุทไธสง,บุรีรัมย์,ตะวันออกเฉียงเหนือ,15.54462862,103.0025483,
ชุมชนคูเมืองเก่า,ในเมือง,เมืองบุรีรัมย์,บุรีรัมย์,ตะวันออกเฉียงเหนือ,14.99657888,103.1137782,
ชุมชนริมสถานีรถไฟ,ในเมือง,เมืองบุรีรัมย์,บุรีรัมย์,ตะวันออกเฉียงเหนือ,15.00267856,103.1087835,
ชุมชนตลาดน้ำคลองสาม (วัดกลางคลองสาม),คลองสาม,คลองหลวง,ปทุมธานี,กลาง,14.08331957,100.664289,
ชุมชนปากคลอง 5,บึงยี่โถ,ธัญบุรี,ปทุมธานี,กลาง,14.00797286,100.7096058,
ชุมชนเก่าตลาดรังสิต,ประชาธิปัตย์,ธัญบุรี,ปทุมธานี,กลาง,13.98226213,100.6048495,
ชุมชนปากคลอง 7,ลำผักกูด,ธัญบุรี,ปทุมธานี,กลาง,14.0237128,100.7458326,
ชุมชนตลาดคลองระแหง,คลองพระอุดม,ลาดหลุมแก้ว,ปทุมธานี,กลาง,14.04385091,100.4191679,
ชุมชนปากคลอง 11,บึงทองหลาง,ลำลูกกา,ปทุมธานี,ตะวันออก,14.05994515,100.8472254,
ชุมชนปากคลอง 13,พืชอุดม,ลำลูกกา,ปทุมธานี,ตะวันออก,14.07437528,100.8892126,
ชุมชนกุยบุรี,กุยบุรี,กุยบุรี,ประจวบคีรีขันธ์,กลาง,12.06801387,99.86584207,
ชุมชนตลาดริมทางรถไฟทับสะแก,ทับสะแก,ทับสะแก,ประจวบคีรีขันธ์,กลาง,11.4988948,99.62092053,
ชุมชนรอบสถานีรถไฟบางสะพานใหญ่,กำเนิดนพคุณ,บางสะพาน,ประจวบคีรีขันธ์,กลาง,11.21198854,99.51125105,
ชุมชนรอบสถานีรถไฟบ้านกรูด,ธงชัย,บางสะพาน,ประจวบคีรีขันธ์,กลาง,11.34727032,99.5556136,
ชุมชนตลาดริมทางรถไฟบางสะพานน้อย,บางสะพาน,บางสะพานน้อย,ประจวบคีรีขันธ์,กลาง,11.08392444,99.45985524,
ชุมชนตลาดริมทางรถไฟปราณบุรี (บ้านเมืองเก่า),ปราณบุรี,ปราณบุรี,ประจวบคีรีขันธ์,กลาง,12.37813708,99.92693989,
ชุมชนปากน้ำปราณบุรี,ปากน้ำปราณ,ปราณบุรี,ประจวบคีรีขันธ์,กลาง,12.40685618,99.99245158,
ชุมชนคลองวาฬ,คลองวาฬ,เมืองประจวบคีรีขันธ์,ประจวบคีรีขันธ์,กลาง,11.75231692,99.791245,
ชุมชนตลาดริมทางรถไฟประจวบคีรีขันธ์,ประจวบคีรีขันธ์,เมืองประจวบคีรีขันธ์,ประจวบคีรีขันธ์,กลาง,11.80747272,99.79530564,
ชุมชนตลาดริมทางรถไฟสามร้อยยอด (บ้านไร่เก่า),ไร่เก่า,สามร้อยยอด,ประจวบคีรีขันธ์,กลาง,12.21466441,99.88116383,
ชุมชนบ้านบางปู,สามร้อยยอด,สามร้อยยอด,ประจวบคีรีขันธ์,กลาง,12.2058362,100.0069212,
ชุมชนตลาดเก่าหัวหิน,หัวหิน,หัวหิน,ประจวบคีรีขันธ์,กลาง,12.57294509,99.95916319,
ชุมชนตลาดเก่ากบินทร์บุรี,กบินทร์,กบินทร์บุรี,ปราจีนบุรี,ตะวันออก,13.99223996,101.7188234,
ชุมชนย่านการค้าถนนหน้าเมือง,หน้าเมือง,เมืองปราจีนบุรี,ปราจีนบุรี,ตะวันออก,14.05275285,101.3700143,
ชุมชนตลาดศรีมหาโพธิ,ศรีมหาโพธิ์,ศรีมหาโพธิ์,ปราจีนบุรี,ตะวันออก,13.97253296,101.5132769,
บริเวณวัดต้นศรีมหาโพธิ์,โคกปีบ,ศรีมโหสถ,ปราจีนบุรี,ตะวันออก,13.87274866,101.4040696,
ชุมชนโคกปีบ,โคกปีบ,ศรีมโหสถ,ปราจีนบุรี,ตะวันออก,13.89076081,101.4002556,
ควนลังงา,ทรายขาว,โคกโพธิ์,ปัตตานี,ใต้,6.672978041,101.101078,
บ้านพิเทน,พิเทน,ทุ่งยางแดง,ปัตตานี,ใต้,6.67130049,101.4568403,
ตันหยงลุโละ,ตันหยงลุโละ,เมืองปัตตานี,ปัตตานี,ใต้,6.880123652,101.305044,
กรือเซะ,ตันหยงลุโละ,เมืองปัตตานี,ปัตตานี,ใต้,6.871572172,101.2985077,
บาราเฮาะ,บาราเฮาะ,เมืองปัตตานี,ปัตตานี,ใต้,6.826480816,101.2723619,
รูสะมิแล,รูสะมิแล,เมืองปัตตานี,ปัตตานี,ใต้,6.874626194,101.2232683,
สะบารัง,สะบารัง,เมืองปัตตานี,ปัตตานี,ใต้,6.86483595,101.2463702,
หัวตลาด,อาเนาะรู,เมืองปัตตานี,ปัตตานี,ใต้,6.869900433,101.2576163,
ตะโละกาโปว์,ตะโละกาโปร์,ยะหริ่ง,ปัตตานี,ใต้,6.895449876,101.3756201,
บางปู (บ้านบาลอดูวอ),บางปู,ยะหริ่ง,ปัตตานี,ใต้,6.872908614,101.3587682,
ยามู,ยามู,ยะหริ่ง,ปัตตานี,ใต้,6.862899181,101.3701266,
บูดี,แหลมโพธิ์,ยะหริ่ง,ปัตตานี,ใต้,6.935332873,101.3054992,
ตะโละสะมิแล,แหลมโพธิ์,ยะหริ่ง,ปัตตานี,ใต้,6.929802874,101.3163944,
ดาโต๊ะ,แหลมโพธิ์,ยะหริ่ง,ปัตตานี,ใต้,6.915638775,101.3340217,
ตลาดสายบุรี,ตะลุบัน,สายบุรี,ปัตตานี,ใต้,6.702318126,101.623052,
ปะเสยะวอ,ปะเสยะวอ,สายบุรี,ปัตตานี,ใต้,6.724129501,101.6247312,
ท่ากำชำ,ท่ากำชำ,หนองจิก,ปัตตานี,ใต้,6.836440322,101.0858128,
ตันหยงเปาว์,บางเขา,หนองจิก,ปัตตานี,ใต้,6.855934725,101.0960562,
ชุมชนตลาดท่าเรือ,ท่าเรือ,ท่าเรือ,พระนครศรีอยุธยา,กลาง,14.56429426,100.7239429,
ชุมชนหมู่บ้านริมคลองบางบาล,วัดยม,บางบาล,พระนครศรีอยุธยา,กลาง,14.39341084,100.4789671,
ชุมชนบ้านแสงโสม,ขนอนหลวง,บางปะอิน,พระนครศรีอยุธยา,กลาง,14.2811586,100.5785797,
ชุมชนบ้านกรด (วัดขนอน),บ้านกรด,บางปะอิน,พระนครศรีอยุธยา,กลาง,14.29516592,100.6051191,
ชุมชนรอบสถานีรถไฟบางปะอิน,บ้านเลน,บางปะอิน,พระนครศรีอยุธยา,กลาง,14.23131302,100.5804501,
ชุมชนหมู่บ้านริมคลองลาดชิด,ลาดชิด,ผักไห่,พระนครศรีอยุธยา,กลาง,14.44388708,100.3627283,
ชุมชนตลาดลาดชะโด,หนองน้ำใหญ่,ผักไห่,พระนครศรีอยุธยา,กลาง,14.46076439,100.3194919,
ชุมชนคลองตะเคียน,คลองตะเคียน,พระนครศรีอยุธยา,พระนครศรีอยุธยา,กลาง,14.32413894,100.563794,
ชุมชนปากกราน,ปากกราน,พระนครศรีอยุธยา,พระนครศรีอยุธยา,กลาง,14.32862427,100.5479473,
ชุมชนตลาดหัวรอ,สวนพริก,พระนครศรีอยุธยา,พระนครศรีอยุธยา,กลาง,14.36340455,100.5739348,
ชุมชนตลาดเจ้าพรหม,หอรัตนไชย,พระนครศรีอยุธยา,พระนครศรีอยุธยา,กลาง,14.35757274,100.5777416,
ชุมชนบ้านภาชี,ภาชี,ภาชี,พระนครศรีอยุธยา,กลาง,14.45031954,100.7224985,
ชุมชนเจ้าเจ็ด,เจ้าเจ็ด,เสนา,พระนครศรีอยุธยา,กลาง,14.31341482,100.376712,
ชุมชนตลาดบ้านแพน,บ้านแพน,เสนา,พระนครศรีอยุธยา,กลาง,14.32561986,100.4030568,
ชุมชนรางจระเข้,รางจระเข้,เสนา,พระนครศรีอยุธยา,กลาง,14.34639572,100.3813022,
เวียงลอ,ลอ,จุน,พะเยา,เหนือ,19.44586706,100.090205,
วัดเชียงบาน,เชียงบาน,เชียงคำ,พะเยา,เหนือ,19.51361599,100.28573,
วัดแสนเมืองมา,หย่วน,เชียงคำ,พะเยา,เหนือ,19.52090647,100.3006937,
วัดหย่วน,หย่วน,เชียงคำ,พะเยา,เหนือ,19.5279888,100.297917,
ภูกามยาว,ดงเจน,ภูกามยาว,พะเยา,เหนือ,19.22737824,99.94926035,
วัดก๊อหลวง (วัดก๊อซาว),ทุ่งกล้วย,ภูซาง,พะเยา,เหนือ,19.58578786,100.3596459,
วัดสบบง,สบบง,ภูซาง,พะเยา,เหนือ,19.57074798,100.2985424,
วัดตุ่นใต้,บ้านตุ่น,เมืองพะเยา,พะเยา,เหนือ,19.14881687,99.8391394,
ศรีโคมคำ,เวียง,เมืองพะเยา,พะเยา,เหนือ,19.17762084,99.88982541,
หนองระบู,เวียง,เมืองพะเยา,พะเยา,เหนือ,19.16736835,99.9061931,
ท่ากว๊าน,เวียง,เมืองพะเยา,พะเยา,เหนือ,19.16530976,99.90200833,
ท่าแป๊ะโย้ย เกาะพระทอง,เกาะพระทอง,คุระบุรี,พังงา,ใต้,9.152126012,98.29806558,
อ่าวบอนใหญ่ เกาะสุรินทร์,คุระบุรี,คุระบุรี,พังงา,ใต้,9.405000808,97.86253151,
ทุ่งหว้า,คึกคัก,ตะกั่วป่า,พังงา,ใต้,8.682714246,98.25180919,
ตลาดใหญ่ เมืองตะกั่วป่า,ตะกั่วป่า,ตะกั่วป่า,พังงา,ใต้,8.828593653,98.3645222,
ทับตะวัน,บางม่วง,ตะกั่วป่า,พังงา,ใต้,8.803430924,98.26397333,
หินลาด,ท้ายเหมือง,ท้ายเหมือง,พังงา,ใต้,8.513027473,98.23884365,
ตลาดท้ายเหมือง,ท้ายเหมือง,ท้ายเหมือง,พังงา,ใต้,8.393416099,98.25959379,
ทับปลา,ท้ายเหมือง,ท้ายเหมือง,พังงา,ใต้,8.486267832,98.25640501,
เกาะปันหยี,ตะกั่วทุ่ง,เมืองพังงา,พังงา,ใต้,8.335925564,98.50280665,
ตลาดเขาชัยสน,เขาชัยสน,เขาชัยสน,พัทลุง,ใต้,7.463492827,100.1379036,
อ่าวบาเต็ง,จองถนน,เขาชัยสน,พัทลุง,ใต้,7.487883689,100.2082359,
ทะเลน้อย,พนางตุง,ควนขนุน,พัทลุง,ใต้,7.78203292,100.1208925,
ตลาดปากคลอง,มะกอกเหนือ,ควนขนุน,พัทลุง,ใต้,7.737099998,100.0771647,
ตลาดบางแก้ว,ท่ามะเดื่อ,บางแก้ว,พัทลุง,ใต้,7.423206224,100.169303,
ปากพะยูน,ปากพะยูน,ปากพะยูน,พัทลุง,ใต้,7.350166533,100.3206195,
ท่าน้ำหัวนอน,ลำปำ,เมืองพัทลุง,พัทลุง,ใต้,7.621959696,100.1468531,
ตลาดเก่าลำปำ,ลำปำ,เมืองพัทลุง,พัทลุง,ใต้,7.623792121,100.1455475,
ปากประ,ลำปำ,เมืองพัทลุง,พัทลุง,ใต้,7.693970918,100.1440499,
ย่านสี่กั๊ก ตลาดเมืองพัทลุง,เสกัก,เมืองพัทลุง,พัทลุง,ใต้,7.6190001,100.0846176,
ตรอกกล้าตะพานหิน,ตะพานหิน,ตะพานหิน,พิจิตร,เหนือ,16.21232803,100.4243896,
ตลาดตะพานหิน,ตะพานหิน,ตะพานหิน,พิจิตร,เหนือ,16.2216357,100.4216849,
ตลาดบางมูลนาก,บางมูลนาก,บางมูลนาก,พิจิตร,เหนือ,16.03079985,100.379055,
ท่าฬ่อ,ท่าฬ่อ,เมืองพิจิตร,พิจิตร,เหนือ,16.51669353,100.3292549,
วังกรด,วังกรด,เมืองพิจิตร,พิจิตร,เหนือ,16.40202851,100.3920039,
นครไทย,นครไทย,นครไทย,พิษณุโลก,เหนือ,17.09902023,100.8344637,
พรหมพิราม,พรหมพิราม,พรหมพิราม,พิษณุโลก,เหนือ,17.03369612,100.1990821,
ปากพิงตะวันตก,งิ้วงาม,เมืองพิษณุโลก,พิษณุโลก,เหนือ,16.66375986,100.2366876,
ท่ามะปราง,ท่ามะปราง,เมืองพิษณุโลก,พิษณุโลก,เหนือ,16.81138773,100.2596026,20/10/2021
ชุมชนชาวแพ,ในเมือง,เมืองพิษณุโลก,พิษณุโลก,เหนือ,16.81052508,100.2567276,
บ้านใหม่,วัดพริก,เมืองพิษณุโลก,พิษณุโลก,เหนือ,16.68879383,100.2707707,
ตาปะขาวหาย,หัวรอ,เมืองพิษณุโลก,พิษณุโลก,เหนือ,16.84856985,100.2561746,
ตลาดวังทอง,วังทอง,วังทอง,พิษณุโลก,เหนือ,16.821191,100.42773,20/10/2021
ชุมชนกะเหรี่ยงบ้านสองพี่น้อง,สองพี่น้อง,แก่งกระจาน,เพชรบุรี,ใต้,12.89650061,99.63269499,
ชุมชนไทดำบ้านเขาย้อย,เขาย้อย,เขาย้อย,เพชรบุรี,ใต้,13.23582908,99.82511278,
ชุมชนไทดำบ้านหนองปรง,หนองปรง,เขาย้อย,เพชรบุรี,ใต้,13.16811136,99.83816922,
ชุมชนตลาดท่ายาง,ท่ายาง,ท่ายาง,เพชรบุรี,ใต้,12.97339923,99.89269123,
บ้านหนองจอก,หนองจอก,ท่ายาง,เพชรบุรี,ใต้,12.95367,99.96747,10/1/2023
ชุมชนตลาดบ้านลาด,บ้านลาด,บ้านลาด,เพชรบุรี,ใต้,13.05092931,99.91869447,
ชุมชนบ้านไร่สะท้อน,ไร่สะท้อน,บ้านลาด,เพชรบุรี,ใต้,13.01611474,99.86426824,
ชุมชนบ้านท้ายหลวง,สะพานไกร,บ้านลาด,เพชรบุรี,ใต้,13.09426766,99.87123659,
ชุมชนบางตะบูน,บางตะบูน,บ้านแหลม,เพชรบุรี,ใต้,13.26867599,99.9517109,
ชุมชนตลาดเก่าบ้านแหลม,บ้านแหลม,บ้านแหลม,เพชรบุรี,ใต้,13.21403325,99.98150038,
ชุมชนเมืองเพชรบุรี,ท่าราบ,เมืองเพชรบุรี,เพชรบุรี,ใต้,13.10422956,99.94892939,
ชุมชนบ้านกุ่ม,บ้านกุ่ม,เมืองเพชรบุรี,เพชรบุรี,ใต้,13.13705696,99.94971534,
บ้านม้งเข็กน้อย,เข็กน้อย,เขาค้อ,เพชรบูรณ์,เหนือ,16.81493703,100.9730816,16/1/2023
บ้านสะเดียง,สะเดียง,เมืองเพชรบูรณ์,เพชรบูรณ์,เหนือ,16.42279653,101.1378066,16/1/2023
บ้านนาตะกรุด,ศรีเทพ,ศรีเทพ,เพชรบูรณ์,เหนือ,15.47133964,101.1486081,11/5/2021
ศรีเทพ,ศรีเทพ,ศรีเทพ,เพชรบูรณ์,เหนือ,15.4715462,101.1495592,
หล่มเก่า,หล่มเก่า,หล่มเก่า,เพชรบูรณ์,เหนือ,16.88965157,101.2250354,11/5/2021
บ้านทุ่งโฮ้ง,ทุ่งโฮ้ง,เมืองแพร่,แพร่,เหนือ,18.17036413,100.1696325,22/2/2022
ไตลื้อบ้านถิ่น,บ้านถิ่น,เมืองแพร่,แพร่,เหนือ,18.145052,100.204988,30/9/2022
บ้านแม่คำมีท่ามีล้อ,แม่คำมี,เมืองแพร่,แพร่,เหนือ,18.26080447,100.2101673,
บ้านดง,สวนเขื่อน,เมืองแพร่,แพร่,เหนือ,18.12549456,100.1990796,22/2/2022
เวียงสันทราย,บ้านเวียง,ร้องกวาง,แพร่,เหนือ,18.22356678,100.2851503,
บ้านปิน,บ้านปิน,ลอง,แพร่,เหนือ,18.09789895,99.86413353,
เวียงลองเก่า,ปากกาง,ลอง,แพร่,เหนือ,18.03441721,99.78249522,
เวียงต้า,เวียงต้า,ลอง,แพร่,เหนือ,18.26589384,99.99091063,
ชุมชนเก่าลอง,ห้วยอ้อ,ลอง,แพร่,เหนือ,18.0747101,99.82754976,
บ้านแม่บงเหนือ,แม่ป้าก,วังชิ้น,แพร่,เหนือ,17.99552637,99.68323756,
ตรอกสลอบ,วังชิ้น,วังชิ้น,แพร่,เหนือ,17.89560455,99.603211,22/2/2022
ท่าสัก,ป่าคลอก,ถลาง,ภูเก็ต,ใต้,8.083140336,98.38665564,
ปูดำ,ไม้ขาว,ถลาง,ภูเก็ต,ใต้,8.166397381,98.3031933,10/11/2023
มอร์แกนหินลูกเดียว,ไม้ขาว,ถลาง,ภูเก็ต,ใต้,8.179474984,98.30403773,30/9/2022
แหลมหลา,ไม้ขาว,ถลาง,ภูเก็ต,ใต้,8.197348518,98.30094894,
สะปำ,เกาะแก้ว,เมืองภูเก็ต,ภูเก็ต,ใต้,7.943539075,98.39855091,30/9/2022
ย่านเมืองเก่าภูเก็ต,ตลาดใหญ่,เมืองภูเก็ต,ภูเก็ต,ใต้,7.885267882,98.38680496,
แหลมตุ๊กแก เกาะสิเหร่,รัษฎา,เมืองภูเก็ต,ภูเก็ต,ใต้,7.874222109,98.42049003,
หาดราไวย์,ราไวย์,เมืองภูเก็ต,ภูเก็ต,ใต้,7.776171419,98.32888445,
ชุมชนเมืองโบราณบ้านสระ,คันธารราษฎร์,กันทรวิชัย,มหาสารคาม,ตะวันออกเฉียงเหนือ,16.30885083,103.3009391,
ชุมชนญ้อภูไท ท่าขอนยาง,ท่าขอนยาง,กันทรวิชัย,มหาสารคาม,ตะวันออกเฉียงเหนือ,16.23386382,103.2664934,
ชุมชนเมืองเก่า,หัวขวาง,โกสุมพิสัย,มหาสารคาม,ตะวันออกเฉียงเหนือ,16.24320882,103.0717505,
ชุมชนพยัคฆภูมิพิสัย,ปะหลาน,พยัคฆภูมิพิสัย,มหาสารคาม,ตะวันออกเฉียงเหนือ,15.51449541,103.1966732,
ชุมชนบ้านเมืองเตา,เมืองเตา,พยัคฆภูมิพิสัย,มหาสารคาม,ตะวันออกเฉียงเหนือ,15.51181718,103.3866528,
ชุมชนบ้านหม้อ,เขวา,เมืองมหาสารคาม,มหาสารคาม,ตะวันออกเฉียงเหนือ,16.17430468,103.3422656,
ชุมชนเมืองโบราณบ้านเชียงเหียน,เขวา,เมืองมหาสารคาม,มหาสารคาม,ตะวันออกเฉียงเหนือ,16.1547388,103.371715,
ชุมชนบ้านปรางค์กู่,เขวา,เมืองมหาสารคาม,มหาสารคาม,ตะวันออกเฉียงเหนือ,16.15798497,103.4153085,
ชุมชนเมืองเก่ามหาสารคาม,ตลาด,เมืองมหาสารคาม,มหาสารคาม,ตะวันออกเฉียงเหนือ,16.18339011,103.3071264,
ชุมชนบ้านหนองหล่ม อ.ดอนตาล,โพธิ์ไทร,ดอนตาล,มุกดาหาร,ตะวันออกเฉียงเหนือ,16.40473044,104.8578693,
ชุมชนบ้านภู อ.หนองสูง,บ้านเป้า,หนองสูง,มุกดาหาร,ตะวันออกเฉียงเหนือ,16.44036822,104.3351367,
ชุมชนบ้านสองคอน อ.หว้านใหญ่,ป่งขาม,หว้านใหญ่,มุกดาหาร,ตะวันออกเฉียงเหนือ,16.77590874,104.7362137,
บ้านเมืองปอน,เมืองปอน,ขุนยวม,แม่ฮ่องสอน,เหนือ,18.74271529,97.927326,
บ้านต่อแพ,แม่เงา,ขุนยวม,แม่ฮ่องสอน,เหนือ,18.80429427,97.90471797,
บ้านถ้ำลอด,ถ้ำลอด,ปางมะผ้า,แม่ฮ่องสอน,เหนือ,19.5745271,98.27913703,
บ้านแม่ละนา,ปางมะผ้า,ปางมะผ้า,แม่ฮ่องสอน,เหนือ,19.59408587,98.21695513,
บ้านเมืองแพม,แม่ยาว,ปางมะผ้า,แม่ฮ่องสอน,เหนือ,19.58371444,98.30786049,
บ้านจ่าโบ่,แม่ยาว,ปางมะผ้า,แม่ฮ่องสอน,เหนือ,19.58487846,98.20624132,
ย่านถนนสิงหนาถบำรุง,จองคำ,เมืองแม่ฮ่องสอน,แม่ฮ่องสอน,เหนือ,19.30102846,97.96894012,
บ้านปางหมู,ปางหมู,เมืองแม่ฮ่องสอน,แม่ฮ่องสอน,เหนือ,19.35519806,97.9593601,
บ้านในสอย,ปางหมู,เมืองแม่ฮ่องสอน,แม่ฮ่องสอน,เหนือ,19.38021557,97.8783063,
บ้านห้วยเสือเฒ่า,ผาบ่อง,เมืองแม่ฮ่องสอน,แม่ฮ่องสอน,เหนือ,19.26002034,97.90382136,
บ้านรักไทย,หมอกจำแป่,เมืองแม่ฮ่องสอน,แม่ฮ่องสอน,เหนือ,19.58498421,97.94530401,
บ้านห้วยฮี้,ห้วยปูลิง,เมืองแม่ฮ่องสอน,แม่ฮ่องสอน,เหนือ,19.2106295,98.07606114,
บ้านรุ่งอรุณ,ห้วยผา,เมืองแม่ฮ่องสอน,แม่ฮ่องสอน,เหนือ,19.51927909,98.09795001,
บ้านห้วยห้อม,ห้วยห้อม,แม่ลาน้อย,แม่ฮ่องสอน,เหนือ,18.37738952,98.06598459,
บ้านป่าแป๋,ป่าแป๋,แม่สะเรียง,แม่ฮ่องสอน,เหนือ,18.28362719,98.05430992,
บ้านแม่หลุย,แม่สวด,สบเมย,แม่ฮ่องสอน,เหนือ,17.78420164,97.99739687,
บ้านแม่สามแลบ,แม่สามแลบ,สบเมย,แม่ฮ่องสอน,เหนือ,17.98156273,97.74206875,
ชุมชนกู่จาน,กู่จาน,คำเขื่อนแก้ว,ยโสธร,ตะวันออกเฉียงเหนือ,15.676236,104.3798672,
ชุมชนบ้านสงเปือย (ดงเมืองเตย),สงเปือย,คำเขื่อนแก้ว,ยโสธร,ตะวันออกเฉียงเหนือ,15.64879477,104.252601,
ชุมชนบ้านศรีฐาน,ศรีฐาน,ป่าติ้ว,ยโสธร,ตะวันออกเฉียงเหนือ,15.77789357,104.3364434,
ชุมชนบ้านดอนกลาง (วัดพระธาตุเก่า),ค้อเหนือ,เมืองยโสธร,ยโสธร,ตะวันออกเฉียงเหนือ,15.84744577,104.0765284,
ชุมชนบ้านตาดทอง,ตาดทอง,เมืองยโสธร,ยโสธร,ตะวันออกเฉียงเหนือ,15.78124061,104.1609298,
ชุมชนบ้านนาสะไมย์,นาสะไมย์,เมืองยโสธร,ยโสธร,ตะวันออกเฉียงเหนือ,15.88058996,104.2434369,
ชุมชนบ้านสิงห์ท่า,ในเมือง,เมืองยโสธร,ยโสธร,ตะวันออกเฉียงเหนือ,15.79141635,104.1407856,25/8/2022
ซาไกบ้านแหร,บ้านแหร,ธารโต,ยะลา,ใต้,6.105771217,101.1595129,
บ้าน กม. 4,ตาเนาะแมเราะ,เบตง,ยะลา,ใต้,5.80664837,101.0731589,
บ้าน กม. 9,ตาเนาะแมเราะ,เบตง,ยะลา,ใต้,5.823169693,101.1114519,
ตลาดเบตง,เบตง,เบตง,ยะลา,ใต้,5.774455997,101.0714631,
ท่าสาป,ท่าสาป,เมืองยะลา,ยะลา,ใต้,6.533485544,101.2452338,
ตลาดเสรีหรือตลาดเก่า,ทุ่งยาว,เมืองยะลา,ยะลา,ใต้,6.568585899,101.2965148,
กูเบ,บันนังสาเรง,เมืองยะลา,ยะลา,ใต้,6.485749741,101.249542,
เปาะเส้ง,เปาะเส้ง,เมืองยะลา,ยะลา,ใต้,6.506291466,101.2111887,
ยาลอ,ยะลา,เมืองยะลา,ยะลา,ใต้,6.522908512,101.1767737,
ปาโจ,ยะลา,เมืองยะลา,ยะลา,ใต้,6.515311848,101.1879602,
ย่านสายกลาง,สะเตง,เมืองยะลา,ยะลา,ใต้,6.547336376,101.2849325,
หน้าถ้ำ,หน้าถ้ำ,เมืองยะลา,ยะลา,ใต้,6.52341415,101.15596,
บาโงยซิแน,บาโงยซิแน,ยะหา,ยะลา,ใต้,6.532629303,101.2232852,
โกตาบารู,โกตาบารู,รามัน,ยะลา,ใต้,6.456913206,101.3441112,
ชุมชนเมืองบัว,เมืองบัว,เกษตรวิสัย,ร้อยเอ็ด,ตะวันออกเฉียงเหนือ,15.60620829,103.6010227,
ชุมชนบ้านสังข์,สีแก้ว,จังหาร,ร้อยเอ็ด,ตะวันออกเฉียงเหนือ,16.14862174,103.5296537,
ชุมชนฟืม (บ้านเขือง),เชียงขวัญ,เชียงขวัญ,ร้อยเอ็ด,ตะวันออกเฉียงเหนือ,16.16057313,103.7148769,
ชุมชนธวัชดินแดง,ธวัชบุรี,ธวัชบุรี,ร้อยเอ็ด,ตะวันออกเฉียงเหนือ,16.10904521,103.8460909,
ชุมชนเมืองเก่า,ในเมือง,เมืองร้อยเอ็ด,ร้อยเอ็ด,ตะวันออกเฉียงเหนือ,16.05789349,103.6538799,
ชุมชนสีแก้ว,สีแก้ว,เมืองร้อยเอ็ด,ร้อยเอ็ด,ตะวันออกเฉียงเหนือ,16.14143635,103.541966,
ชุมชนบ้านสังข์,ทุ่งกุลา,สุวรรณภูมิ,ร้อยเอ็ด,ตะวันออกเฉียงเหนือ,15.47321285,103.7972611,
ชุมชนบ้านน้ำคำ,สระคู,สุวรรณภูมิ,ร้อยเอ็ด,ตะวันออกเฉียงเหนือ,15.73518242,103.8347577,
ชุมชนเมืองเก่า,ขวัญเมือง,เสลภูมิ,ร้อยเอ็ด,ตะวันออกเฉียงเหนือ,16.0302322,103.9357286,
ชุมชนท่าม่วง,ท่าม่วง,เสลภูมิ,ร้อยเอ็ด,ตะวันออกเฉียงเหนือ,16.11365667,103.8718476,
ชุมชนบ้านเมืองไพร,เมืองไพร,เสลภูมิ,ร้อยเอ็ด,ตะวันออกเฉียงเหนือ,16.02348981,103.9762556,
เกาะพยาม,ปากน้ำ,เมืองระนอง,ระนอง,ใต้,9.740255148,98.42188223,
เกาะเหลา,ปากน้ำ,เมืองระนอง,ระนอง,ใต้,9.913004688,98.56961573,
ตลาดแกลง,ทางเกวียน,แกลง,ระยอง,ตะวันออก,12.77937709,101.6519639,
ปากน้ำประแสร์,ปากน้ำประแสร์,แกลง,ระยอง,ตะวันออก,12.70430562,101.7035899,27/12/2023
ตลาดกระเฉด,กระเฉด,เมืองระยอง,ระยอง,ตะวันออก,12.66534785,101.5025699,
ย่านถนนยมจินดาและถนนชุมพล,ท่าประดู่,เมืองระยอง,ระยอง,ตะวันออก,12.67877646,101.2798299,27/12/2023
ตลาดบ้านเพ,เพ,เมืองระยอง,ระยอง,ตะวันออก,12.6224615,101.4306177,
ชุมชนบ้านคลองมอญ,ดอนกรวย,ดำเนินสะดวก,ราชบุรี,กลาง,13.58918511,99.96118317,
ชุมชนตลาดน้ำดำเนินสะดวก,ดำเนินสะดวก,ดำเนินสะดวก,ราชบุรี,กลาง,13.51940542,99.95595474,
ชุมชนตลาดน้ำหลักห้า (คลองโพธิ์หัก),ประสาทสิทธิ์,ดำเนินสะดวก,ราชบุรี,กลาง,13.5569518,100.0410259,
ตลาดน้ำคลองลัดพลี,สีหมื่น,ดำเนินสะดวก,ราชบุรี,กลาง,13.52484366,99.95355084,
ชุมชนตลาดบางแพ,บางแพ,บางแพ,ราชบุรี,กลาง,13.69088779,99.93207878,
ชุมชนบ้านโป่ง (ตลาดคุ้งพะยอม),บ้านโป่ง,บ้านโป่ง,ราชบุรี,กลาง,13.81428967,99.87262156,
ชุมชนรอบสถานีรถไฟปากท่อ,ปากท่อ,ปากท่อ,ราชบุรี,กลาง,13.37609726,99.84458104,
ชุมชนตลาดเจ็ดเสมียน,เจ็ดเสมียน,โพธาราม,ราชบุรี,กลาง,13.63597915,99.82195587,22/12/2021
ชุมชนลาวเวียงบ้านเลือก,บ้านเลือก,โพธาราม,ราชบุรี,กลาง,13.71175988,99.89115996,
ชุมชนตลาดโพธาราม,โพธาราม,โพธาราม,ราชบุรี,กลาง,13.69217837,99.85326805,22/12/2021
ชุมชนตลาดถนนเขางู,หน้าเมือง,เมืองราชบุรี,ราชบุรี,กลาง,13.5437717,99.81171005,
ชุมชนตลาดเมืองราชบุรี,หน้าเมือง,เมืองราชบุรี,ราชบุรี,กลาง,13.53276159,99.82329189,
ชุมชนบ้านหมี่,บ้านหมี่,บ้านหมี่,ลพบุรี,กลาง,15.04177783,100.539509,13/7/2023
ชุมชนย่านถนนสีหราชเดโชชัย,ทะเลชุบศร,เมืองลพบุรี,ลพบุรี,กลาง,14.79664029,100.6200051,
ชุมชนตลาดเมืองลพบุรี,ท่าหิน,เมืองลพบุรี,ลพบุรี,กลาง,14.80252565,100.6114137,
ชุมชนบางขันหมาก,บางขันหมาก,เมืองลพบุรี,ลพบุรี,กลาง,14.80694601,100.590581,13/7/2023
ลำปางหลวง,ลำปางหลวง,เกาะคา,ลำปาง,เหนือ,18.21811556,99.38846412,19/1/2023
ไหล่หิน,ลำปางหลวง,เกาะคา,ลำปาง,เหนือ,18.21075791,99.33888027,19/1/2023
บ้านกล้วย,กล้วยแพะ,เมืองลำปาง,ลำปาง,เหนือ,18.20453993,99.49125975,19/1/2023
ปงสนุก,เวียงเหนือ,เมืองลำปาง,ลำปาง,เหนือ,18.29527723,99.49718824,
กาดกองต้า,สวนดอก,เมืองลำปาง,ลำปาง,เหนือ,18.2920949,99.49920286,
บ้านหลุก,นาครัว,แม่ทะ,ลำปาง,เหนือ,18.13127655,99.52775894,19/1/2023
พระบาทห้วยต้ม,ตะเคียนปม,ทุ่งหัวช้าง,ลำพูน,เหนือ,17.73299586,98.95488301,17/8/2022
บ้านห้วยไซกลาง,ห้วยหยาบ,บ้านธิ,ลำพูน,เหนือ,18.69569413,99.16053263,17/8/2022
บ้านหนองดู่,บ้านเรือน,ป่าซาง,ลำพูน,เหนือ,18.52147737,98.89569485,17/8/2022
บ้านดอนหลวง,แม่แรง,ป่าซาง,ลำพูน,เหนือ,18.49070066,98.92466262,17/8/2022
วัดประตูป่า,ประตูป่า,เมืองลำพูน,ลำพูน,เหนือ,18.62125864,99.00240903,17/8/2022
บ้านทุ่งยาว,ศรีบัวบาน,เมืองลำพูน,ลำพูน,เหนือ,18.50409021,99.07491349,17/8/2022
วัดบ้านปาง,ศรีวิชัย,ลี้,ลำพูน,เหนือ,18.11409076,98.89065134,17/8/2022
ชุมชนนาป่าหนาด,เขาแก้ว,เชียงคาน,เลย,ตะวันออกเฉียงเหนือ,17.79652151,101.7401435,26/11/2021
ชุมชนบ้านน้อย,เชียงคาน,เชียงคาน,เลย,ตะวันออกเฉียงเหนือ,17.9072433,101.6975,26/11/2021
ชุมชนเก่าเชียงคาน,เชียงคาน,เชียงคาน,เลย,ตะวันออกเฉียงเหนือ,17.89606704,101.6594946,26/11/2021
ชุมชนผาแบ่น,เชียงคาน,เชียงคาน,เลย,ตะวันออกเฉียงเหนือ,17.90711275,101.7256092,26/11/2021
ชุมชนบ้านนาซ่าว,นาซ่าว,เชียงคาน,เลย,ตะวันออกเฉียงเหนือ,17.82754124,101.6704818,26/11/2021
ชุมชนบ้านกลาง,ปากตม,เชียงคาน,เลย,ตะวันออกเฉียงเหนือ,17.8013334,101.623198,26/11/2021
ชุมชนตลาด,ด่านซ้าย,ด่านซ้าย,เลย,ตะวันออกเฉียงเหนือ,17.27940328,101.14579,31/10/2023
ชุมชนปากชม,ปากชม,ปากชม,เลย,ตะวันออกเฉียงเหนือ,18.02482777,101.8745185,31/10/2023
ชุมชนบ้านนาอ้อ,นาอ้อ,เมืองเลย,เลย,ตะวันออกเฉียงเหนือ,17.58093996,101.7315,31/10/2023
ชุมชนดอนเกลือ อ.ราษีไศล,ดู่,ราษีไศล,ศรีสะเกษ,ตะวันออกเฉียงเหนือ,15.40540717,104.1621756,
ชุมชนเมืองคงโคก อ.ราษีไศล,เมืองคง,ราษีไศล,ศรีสะเกษ,ตะวันออกเฉียงเหนือ,15.35418545,104.1744226,
ชุมชนบ้านเมืองแคน อ.ราษีไศล,เมืองแคน,ราษีไศล,ศรีสะเกษ,ตะวันออกเฉียงเหนือ,15.36012747,104.2154839,
ชุมชนบ้านน้ำอ้อมน้อย อ.ราษีไศล,หว้านคำ,ราษีไศล,ศรีสะเกษ,ตะวันออกเฉียงเหนือ,15.39687637,104.20165,
ชุมชนไทโส้,กุสุมาลย์,กุสุมาลย์,สกลนคร,ตะวันออกเฉียงเหนือ,17.3355025,104.3282994,
ชุมชนบ้านโพธิไพศาล อ.กุสุมาลย์,โพธิไพศาล,กุสุมาลย์,สกลนคร,ตะวันออกเฉียงเหนือ,17.37119347,104.3632831,
ชุมชนผู้ไท อ.พรรณานิคม,พรรณา,พรรณานิคม,สกลนคร,ตะวันออกเฉียงเหนือ,17.35333969,103.8516218,
ชุมชนบ้านป่าหว้าน,เชียงเครือ,เมืองสกลนคร,สกลนคร,ตะวันออกเฉียงเหนือ,17.2488407,104.1114602,
ชุมชนบ้านหนองสนม,เชียงเครือ,เมืองสกลนคร,สกลนคร,ตะวันออกเฉียงเหนือ,17.28539257,104.1406066,
ชุมชนท่าแร่,ท่าแร่,เมืองสกลนคร,สกลนคร,ตะวันออกเฉียงเหนือ,17.25448109,104.1827821,
ชุมชนย่านเมืองเก่าสกลนคร,ธาตุเชิงชุม,เมืองสกลนคร,สกลนคร,ตะวันออกเฉียงเหนือ,17.16585803,104.1508292,
ชุมชนบ้านโนนหอม,โนนหอม,เมืองสกลนคร,สกลนคร,ตะวันออกเฉียงเหนือ,17.05133622,104.2140606,
เกาะยอ,เกาะยอ,เมืองสงขลา,สงขลา,ใต้,7.164526645,100.5418893,20/1/2023
ย่านเมืองเก่าสงขลา,บ่อยาง,เมืองสงขลา,สงขลา,ใต้,7.196017048,100.5905883,
วิถีพุทธคลองแดน,คลองแดน,ระโนด,สงขลา,ใต้,7.915547234,100.304916,20/1/2023
คูขุด,คูขุด,สทิงพระ,สงขลา,ใต้,7.461897161,100.4137735,20/1/2023
ท่านางหอม,น้ำน้อย,หาดใหญ่,สงขลา,ใต้,7.118682398,100.5242425,20/1/2023
ย่านการค้าเก่าชุมทางรถไฟหาดใหญ่,หาดใหญ่,หาดใหญ่,สงขลา,ใต้,7.00346506,100.4688822,20/1/2023
เกาะใหญ่,ทุ่งนุ้ย,ควนกาหลง,สตูล,ใต้,6.835569325,100.108038,
บ้านควน,ควนโดน,ควนโดน,สตูล,ใต้,6.701054231,100.0609123,
ตลาดฉลุง,ฉลุง,ควนโดน,สตูล,ใต้,6.72689249,100.0646919,
ตลาดทุ่งหว้า,ทุ่งหว้า,ทุ่งหว้า,สตูล,ใต้,7.105673053,99.75307711,
เกาะหลีเป๊ะ,เกาะสาหร่าย,เมืองสตูล,สตูล,ใต้,6.487455096,99.30186005,
เกาะอาดัง,เกาะสาหร่าย,เมืองสตูล,สตูล,ใต้,6.542630824,99.30003984,
ตันหยงโป,ตันหยงโป,เมืองสตูล,สตูล,ใต้,6.588867,99.95581271,
ตำมะลัง,ตำมะลัง,เมืองสตูล,สตูล,ใต้,6.539224445,100.0558667,
ย่านถนนบุรีวานิช,พิมาน,เมืองสตูล,สตูล,ใต้,6.613221217,100.0650787,
เกาะบุโหลนดอน บุโหลนเล,ปากน้ำ,ละงู,สตูล,ใต้,6.828949719,99.53412624,
ปากละงู,ละงู,ละงู,สตูล,ใต้,6.825960546,99.79281305,
ชุมชนตลาดคลองสวน,คลองสวน,บางบ่อ,สมุทรปราการ,กลาง,13.66233418,100.9562858,
ชุมชนตลาดบางบ่อ,บางบ่อ,บางบ่อ,สมุทรปราการ,กลาง,13.57420943,100.837189,
ชุมชนตลาดบางพลี,บางพลีใหญ่,บางพลี,สมุทรปราการ,กลาง,13.60560465,100.7090425,
ชุมชนเมืองนครเขื่อนขันธ์,ตลาด,พระประแดง,สมุทรปราการ,กลาง,13.66070782,100.5331297,
ชุมชนบางน้ำผึ้ง,บางน้ำผึ้ง,พระประแดง,สมุทรปราการ,กลาง,13.67965049,100.5766183,
ชุมชนบ้านสาขลา,นาเกลือ,พระสมุทรเจดีย์,สมุทรปราการ,กลาง,13.54176146,100.5042718,
ชุมชนคลองสรรพสามิต,แหลมฟ้าผ่า,พระสมุทรเจดีย์,สมุทรปราการ,กลาง,13.57033782,100.5638811,
ชุมชนประมงแหลมฟ้าผ่า,แหลมฟ้าผ่า,พระสมุทรเจดีย์,สมุทรปราการ,กลาง,13.54014378,100.5672535,
ชุมชนริมคลองบางน้อย,กระดังงา,บางคนที,สมุทรสงคราม,กลาง,13.46368132,99.94540242,
ชุมชนคลองบางนกแขวก,บางนกแขวก,บางคนที,สมุทรสงคราม,กลาง,13.49788472,99.92476064,
ชุมชนนาเกลือบางแก้ว,บางแก้ว,เมืองสมุทรสงคราม,สมุทรสงคราม,กลาง,13.4189112,100.0289853,
ชุมชนบริเวณบางจะเกร็ง,บางจะเกร็ง,เมืองสมุทรสงคราม,สมุทรสงคราม,กลาง,13.38265204,99.99695322,
ชุมชนริมแม่น้ำแม่กลอง,แม่กลอง,เมืองสมุทรสงคราม,สมุทรสงคราม,กลาง,13.38740072,99.98536506,
ชุมชนบริเวณเมืองเก่าแม่กลอง,แม่กลอง,เมืองสมุทรสงคราม,สมุทรสงคราม,กลาง,13.40657808,99.99960255,
ชุมชนริมคลองแม่กลอง,แม่กลอง,เมืองสมุทรสงคราม,สมุทรสงคราม,กลาง,13.41868985,99.99534801,
ชุมชนบริเวณแหลมใหญ่,แหลมใหญ่,เมืองสมุทรสงคราม,สมุทรสงคราม,กลาง,13.3718077,99.98378009,
ชุมชนริมแควอ้อม,แควอ้อม,อัมพวา,สมุทรสงคราม,กลาง,13.43965125,99.94072583,
ชุมชนตลาดน้ำท่าคา,ท่าคา,อัมพวา,สมุทรสงคราม,กลาง,13.46895689,99.99362825,
ชุมชนริมคลองบางแค,บางแค,อัมพวา,สมุทรสงคราม,กลาง,13.42667812,99.94482189,
ชุมชนริมคลองบางจาก,บางช้าง,อัมพวา,สมุทรสงคราม,กลาง,13.43857864,99.94831533,
ชุมชนบ้านเขายี่สาร,ยี่สาร,อัมพวา,สมุทรสงคราม,กลาง,13.30147256,99.90161082,
ชุมชนริมคลองวัดประดู่ป่า,วัดประดู่,อัมพวา,สมุทรสงคราม,กลาง,13.42830104,99.890008,
ชุมชนริมคลองประชาชมชื่น,สวนหลวง,อัมพวา,สมุทรสงคราม,กลาง,13.41098362,99.94938995,
ชุมชนริมคลองอัมพวา,อัมพวา,อัมพวา,สมุทรสงคราม,กลาง,13.42724221,99.9575855,
ชุมชนริมคลองบางโพงพาง,อัมพวา,อัมพวา,สมุทรสงคราม,กลาง,13.40176708,99.94465991,
ชุมชนตลาดน้ำบ้านแพ้ว,หลักสาม,บ้านแพ้ว,สมุทรสาคร,กลาง,13.58957773,100.1054478,
ชุมชนตลาดมหาชัย (เดิม),มหาชัย,มหาชัย,สมุทรสาคร,กลาง,13.54622628,100.2776216,
ชุมชนท่าฉลอม,ท่าฉลอม,เมืองสมุทรสาคร,สมุทรสาคร,กลาง,13.53630338,100.2714501,27/9/2023
ตลาดชายแดนบ้านคลองลึก (โรงเกลือ),ท่าข้าม,อรัญประเทศ,สระแก้ว,ตะวันออก,13.66533552,102.5384296,
ตลาดอรัญประเทศ,อรัญประเทศ,อรัญประเทศ,สระแก้ว,ตะวันออก,13.68803421,102.5039136,
ชุมชนไทยวนริมแม่นํ้าป่าสัก,ต้นตลาด,เสาไห้,สระบุรี,กลาง,14.55254288,100.8807768,
ชุมชนบ้านแม่ลา,แม่ลา,บางระจัน,สิงห์บุรี,กลาง,14.94473121,100.3304188,
ชุมชนตลาดบ้านแป้ง,บ้านแป้ง,พรหมบุรี,สิงห์บุรี,กลาง,14.80698074,100.4398695,
ชุมชนตลาดปากบาง,พรหมบุรี,พรหมบุรี,สิงห์บุรี,กลาง,14.84704404,100.4427459,
ชุมชนตลาดตัวเมืองสิงห์บุรี,บางพุทรา,เมืองสิงห์บุรี,สิงห์บุรี,กลาง,14.89444384,100.3991926,
ชุมชนบ้านระนาม,ชีน้ำร้าย,อินทร์บุรี,สิงห์บุรี,กลาง,15.07183493,100.2974923,
ชุมชนย่านตลาดอินทร์บุรี,อินทร์บุรี,อินทร์บุรี,สิงห์บุรี,กลาง,15.01047814,100.331261,
ตลาดริมยม,กง,กงไกรลาศ,สุโขทัย,เหนือ,16.93405871,99.9583812,
บ้านทุ่งหลวง,ทุ่งหลวง,คีรีมาศ,สุโขทัย,เหนือ,16.87635741,99.79611098,
บ้านด่านลานหอย,ลานหอย,บ้านด่านลานหอย,สุโขทัย,เหนือ,16.99580599,99.57419827,
ชุมชนสถานีรถไฟศรีนคร/บ้านปลายราง,ศรีนคร,ศรีนคร,สุโขทัย,เหนือ,17.35088897,99.98249559,
ศรีสัชนาลัย,ศรีสัชนาลัย,ศรีสัชนาลัย,สุโขทัย,เหนือ,17.42778522,99.81974893,
วัดพระปรางค์,ศรีสัชนาลัย,ศรีสัชนาลัย,สุโขทัย,เหนือ,17.39925258,99.80504997,
บ้านหาดเสี้ยว,หาดเสี้ยว,ศรีสัชนาลัย,สุโขทัย,เหนือ,17.52411743,99.76365447,
ศรีสำโรง,ศรีสำโรง,ศรีสำโรง,สุโขทัย,เหนือ,17.16614657,99.86080525,
ตลาดใต้สวรรคโลก,เมืองสวรรคโลก,สวรรคโลก,สุโขทัย,เหนือ,17.31166319,99.82704162,
ชุมชนตลาดท่าช้าง,เขาพระ,เดิมบางนางบวช,สุพรรณบุรี,กลาง,14.86535793,100.0807384,
ชุมชนบ้านลานคา,โคกคราม,บางปลาม้า,สุพรรณบุรี,กลาง,14.40737552,100.1347871,
ชุมชนตลาดเก้าห้อง,บางปลาม้า,บางปลาม้า,สุพรรณบุรี,กลาง,14.4054246,100.1341245,
ชุมชนตลาดคอวัง,บ้านแหลม,บางปลาม้า,สุพรรณบุรี,กลาง,14.36572021,100.1487461,
ชุมชนตลาดบ้านสุด,ไผ่กองดิน,บางปลาม้า,สุพรรณบุรี,กลาง,14.33651404,100.2417223,
ชุมชนบ้านมะขามล้ม,มะขามล้ม,บางปลาม้า,สุพรรณบุรี,กลาง,14.3834332,100.0742169,
ชุมชนบ้านรางบัว,วัดโบสถ์,บางปลาม้า,สุพรรณบุรี,กลาง,14.33957505,100.0571204,
ชุมชนบ้านวัดโบสถ์,วัดโบสถ์,บางปลาม้า,สุพรรณบุรี,กลาง,14.33701109,100.0583634,
ชุมชนตลาดเมืองสุพรรณ,ท่าพี่เลี้ยง,เมืองสุพรรณบุรี,สุพรรณบุรี,กลาง,14.46792632,100.1167797,
ชุมชนตลาดโพธิ์พระยา,โพธิ์พระยา,เมืองสุพรรณบุรี,สุพรรณบุรี,กลาง,14.53352371,100.1256069,
ชุมชนวัดกุฎีทอง,รั้วใหญ่,เมืองสุพรรณบุรี,สุพรรณบุรี,กลาง,14.45237789,100.1187351,
ชุมชนตลาดศรีประจันต์,ศรีประจันต์,ศรีประจันต์,สุพรรณบุรี,กลาง,14.61867059,100.1465457,
ชุมชนตลาดบางลี่,สองพี่น้อง,สองพี่น้อง,สุพรรณบุรี,กลาง,14.23179446,100.0368433,
ชุมชนตลาดสามชุก,สามชุก,สามชุก,สุพรรณบุรี,กลาง,14.75573292,100.0939968,
ชุมชนตลาดอู่ทอง,อู่ทอง,อู่ทอง,สุพรรณบุรี,กลาง,14.37511109,99.89633693,
ปากกะแดะ,กะแดะ,กาญจนดิษฐ์,สุราษฎร์ธานี,ใต้,9.207396219,99.47719112,
ปากน้ำท่าทอง,ท่าทอง,กาญจนดิษฐ์,สุราษฎร์ธานี,ใต้,9.232028054,99.50538105,
ท่าทองใหม่,ท่าทองใหม่,กาญจนดิษฐ์,สุราษฎร์ธานี,ใต้,9.15112745,99.3887532,
ท่าขนอน,ท่าขนอน,คีรีรัฐนิคม,สุราษฎร์ธานี,ใต้,9.032281242,98.95620684,
ตลาดไชยา,ตลาดไชยา,ไชยา,สุราษฎร์ธานี,ใต้,9.387773184,99.20736381,
พุมเรียง,พุมเรียง,ไชยา,สุราษฎร์ธานี,ใต้,9.385293154,99.25543306,
เกาะแรต,ดอนสัก,ดอนสัก,สุราษฎร์ธานี,ใต้,9.331361327,99.70387684,
นาสาร,นาสาร,นาสาร,สุราษฎร์ธานี,ใต้,8.803492467,99.36507299,
ท่าข้าม,ท่าข้าม,พุนพิน,สุราษฎร์ธานี,ใต้,9.106961207,99.23135274,
ลีเล็ด,ลีเล็ด,พุนพิน,สุราษฎร์ธานี,ใต้,9.187552528,99.25394263,
คลองน้อย,คลองน้อย,เมืองสุราษฎร์ธานี,สุราษฎร์ธานี,ใต้,9.141114953,99.24819573,
บ้านหน้าด่าน,ตลาด,เมืองสุราษฎร์ธานี,สุราษฎร์ธานี,ใต้,9.150889977,99.32802249,
ตลาดบ้านดอน,ตลาด,เมืองสุราษฎร์ธานี,สุราษฎร์ธานี,ใต้,9.145799122,99.32557243,
บางหลา,บางชนะ,เมืองสุราษฎร์ธานี,สุราษฎร์ธานี,ใต้,9.151290311,99.31966572,
บางใบไม้,บางใบไม้,เมืองสุราษฎร์ธานี,สุราษฎร์ธานี,ใต้,9.146771587,99.29803624,
บ้านส้อง,บ้านส้อง,เวียงสระ,สุราษฎร์ธานี,ใต้,8.635085292,99.37016774,
ชุมชนพระปืด,บ้านแร่,เขวาสินรินทร์,สุรินทร์,ตะวันออกเฉียงเหนือ,14.96640082,103.5830831,
ชุมชนปราสาทจอมพระ,จอมพระ,จอมพระ,สุรินทร์,ตะวันออกเฉียงเหนือ,15.1174785,103.6104531,
ชุมชนบ้านยะวึก,ยะวึก,ชุมพลบุรี,สุรินทร์,ตะวันออกเฉียงเหนือ,15.35265806,103.2425602,
ชุมชนรอบปราสาทบ้านพลวง,บ้านพลวง,ปราสาท,สุรินทร์,ตะวันออกเฉียงเหนือ,14.61050792,103.4258393,
ชุมชนบ้านปราสาท (ปราสาททนง),ปราสาททนง,ปราสาท,สุรินทร์,ตะวันออกเฉียงเหนือ,14.65773974,103.3545007,
ชุมชนบ้านแสลงพัน,แกใหญ่,เมืองสุรินทร์,สุรินทร์,ตะวันออกเฉียงเหนือ,14.91431859,103.534153,
ชุมชนโบราณบ้านแกใหญ่,แกใหญ่,เมืองสุรินทร์,สุรินทร์,ตะวันออกเฉียงเหนือ,14.9157553,103.49779,
ชุมชนริมถนนห่วยโหล่ว และชุมชนริมทางรถไฟ,ในเมือง,เมืองสุรินทร์,สุรินทร์,ตะวันออกเฉียงเหนือ,14.89112748,103.4913868,
ชุมชนรอบปราสาทเมืองที,เมืองที,เมืองสุรินทร์,สุรินทร์,ตะวันออกเฉียงเหนือ,14.89204236,103.6534192,
ชุมชนบ้านสลักได,สลักได,เมืองสุรินทร์,สุรินทร์,ตะวันออกเฉียงเหนือ,14.85348926,103.5345702,
ชุมชนบ้านช่างปี่,ช่างปี่,ศรีขรภูมิ,สุรินทร์,ตะวันออกเฉียงเหนือ,14.9341029,103.6963976,
ชุมชนบ้านตรึม,ตรึม,ศรีขรภูมิ,สุรินทร์,ตะวันออกเฉียงเหนือ,15.02157983,103.8558484,
ชุมชนบ้านปราสาท,ระแงง,ศรีขรภูมิ,สุรินทร์,ตะวันออกเฉียงเหนือ,14.94503959,103.8023636,
ชุมชนบ้านกระเทียม,กระเทียม,สังขะ,สุรินทร์,ตะวันออกเฉียงเหนือ,14.59438998,103.6853566,
ชุมชนปราสาทภูมิโปน,ดม,สังขะ,สุรินทร์,ตะวันออกเฉียงเหนือ,14.54529555,103.876186,
ชุมชนท่าบ่อ,ท่าบ่อ,ท่าบ่อ,หนองคาย,ตะวันออกเฉียงเหนือ,17.85324377,102.5818125,
ชุมชนการค้าเก่าถนนมีชัย,ในเมือง,เมืองหนองคาย,หนองคาย,ตะวันออกเฉียงเหนือ,17.88210366,102.7442764,
ชุมชนศรีเชียงใหม่,พานพร้าว,ศรีเชียงใหม่,หนองคาย,ตะวันออกเฉียงเหนือ,17.95688284,102.5803866,
ชุมชนโนนสัง,โนนสัง,โนนสัง,หนองบัวลำภู,ตะวันออกเฉียงเหนือ,16.8670556,102.5655222,
ย่านการค้าถนนอนาลโย,ลำภู,เมืองหนองบัวลำภู,หนองบัวลำภู,ตะวันออกเฉียงเหนือ,17.21018068,102.4423936,
ชุมชนบริเวณถนนวิไชยอุดรกิจ,ลำภู,เมืองหนองบัวลำภู,หนองบัวลำภู,ตะวันออกเฉียงเหนือ,17.2077237,102.4448757,
ชุมชนหมู่บ้านทำกลองเอกราช,เอกราช,ป่าโมก,อ่างทอง,กลาง,14.50552535,100.4269697,11/11/2022
ชุมชนท่าตลาด,อินทประมูล,โพธิ์ทอง,อ่างทอง,กลาง,14.65039905,100.4136092,
ชุมชนศาลเจ้าโรงทอง,ศาลเจ้าโรงทอง,วิเศษชัยชาญ,อ่างทอง,กลาง,14.59333608,100.3527622,
ชุมชนบ้านชาด,เค็งใหญ่,หัวตะพาน,อำนาจเจริญ,ตะวันออกเฉียงเหนือ,15.90427076,104.259499,
ชุมชนตลาดล่างและหนองหานน้อยเมืองเก่ากุมภวาปี,กุมภวาปี,กุมภวาปี,อุดรธานี,ตะวันออกเฉียงเหนือ,17.11032152,103.0178793,
ชุมชนนายูง (ไทพวน),นายูง,นายูง,อุดรธานี,ตะวันออกเฉียงเหนือ,17.92989106,102.2104386,
ชุมชนบ้านดุง,บ้านดุง,บ้านดุง,อุดรธานี,ตะวันออกเฉียงเหนือ,17.70439675,103.2600242,
ชุมชนบ้านผือ,บ้านผือ,บ้านผือ,อุดรธานี,ตะวันออกเฉียงเหนือ,17.686867,102.4769506,
ชุมชนนาข่า,นาข่า,เมืองอุดรธานี,อุดรธานี,ตะวันออกเฉียงเหนือ,17.54910679,102.801619,
ชุมชนวังสามหมอ,วังสามหมอ,วังสามหมอ,อุดรธานี,ตะวันออกเฉียงเหนือ,16.95394146,103.4382415,
ชุมชนศรีธาตุ (ภูไท),ศรีธาตุ,ศรีธาตุ,อุดรธานี,ตะวันออกเฉียงเหนือ,16.97531607,103.2186814,
ชุมชนหนองหาน,หนองหาน,หนองหาน,อุดรธานี,ตะวันออกเฉียงเหนือ,17.3611063,103.1056935,
ตลาดสถานีรถไฟเมืองพิชัย/ชุมชนหลักเมือง,ในเมือง,พิชัย,อุตรดิตถ์,เหนือ,17.28632699,100.0854537,18/10/2023
ชุมชนบ้านคุ้งตะเภา,คุ้งตะเภา,เมืองอุตรดิตถ์,อุตรดิตถ์,เหนือ,17.6405698,100.1232648,18/10/2023
บ้านท่าเสา,ท่าเสา,เมืองอุตรดิตถ์,อุตรดิตถ์,เหนือ,17.64845894,100.1231108,18/10/2023
ด่านนาขาม,บ้านด่านนาขาม,เมืองอุตรดิตถ์,อุตรดิตถ์,เหนือ,17.72225783,100.1291426,18/10/2023
เมืองสวางคบุรี,ผาจุก,เมืองอุตรดิตถ์,อุตรดิตถ์,เหนือ,17.65330337,100.2207697,18/10/2023
ทุ่งยั้ง,ทุ่งยั้ง,ลับแล,อุตรดิตถ์,เหนือ,17.60564299,100.0505881,18/10/2023
เมืองลับแล,ศรีพนมมาศ,ลับแล,อุตรดิตถ์,เหนือ,17.66385827,100.0325312,18/10/2023
บ้านโคกหม้อ,โคกหม้อ,ทัพทัน,อุทัยธานี,กลาง,15.53456702,99.90058323,
บ้านเจ้าวัดยางแดง,เจ้าวัด,บ้านไร่,อุทัยธานี,กลาง,15.12687856,99.33982012,
ชุมชนไทขาวหรือลาวพุทธ,ทัพคล้าย,บ้านไร่,อุทัยธานี,กลาง,15.05297103,99.58436255,
เรือนแพริมน้ำสะแกกรัง,สะแกกรัง,เมืองอุทัยธานี,อุทัยธานี,กลาง,15.37820685,100.0361112,
ตลาดบ้านเก่าสะแกกรัง (ตรอกโรงยา),อุทัยใหม่,เมืองอุทัยธานี,อุทัยธานี,กลาง,15.38216017,100.0282636,
บ้านเก่า,บ้านเก่า,หนองฉาง,อุทัยธานี,กลาง,15.40148368,99.8829418,
ชุมชนบ้านแคน,ดอนมดแดง,ดอนมดแดง,อุบลราชธานี,ตะวันออกเฉียงเหนือ,15.30817268,105.030868,
ชุมชนแก่งสะพือ,พิบูลมังสาหาร,พิบูลมังสาหาร,อุบลราชธานี,ตะวันออกเฉียงเหนือ,15.24622171,105.2361019,
ชุมชนบ้านปะอาว,ปะอาว,เมืองอุบลราชธานี,อุบลราชธานี,ตะวันออกเฉียงเหนือ,15.35752993,104.7251801,
ชุมชนพาณิชยกรรมเก่า,วารินชำราบ,วารินชำราบ,อุบลราชธานี,ตะวันออกเฉียงเหนือ,15.20025326,104.8632715,
